patno,stage,rx,dtime,status,age,wt,pf,hx,sbp,dbp,ekg,hg,sz,sg,ap,bm,sdate
1,3,0.2 mg estrogen,72,alive,75,76,normal activity,0,15,9,heart strain,13.798828125,2,8,0.299987793,0,2778
2,3,0.2 mg estrogen,1,dead - other ca,54,116,normal activity,0,13,7,heart block or conduction def,14.599609375,42,,0.6999511719,0,2820
3,3,5.0 mg estrogen,40,dead - cerebrovascular,69,102,normal activity,1,14,8,heart strain,13.3984375,3,9,0.299987793,0,2933
4,3,0.2 mg estrogen,20,dead - cerebrovascular,75,94,in bed less than half daytime,1,14,7,benign,17.59765625,4,8,0.8999023438,0,2999
5,3,0.0 mg,65,alive,67,99,normal activity,0,17,10,normal,13.3984375,34,8,0.5,0,3002
6,3,0.2 mg estrogen,24,dead - prostatic ca,71,98,normal activity,0,19,10,normal,15.099609375,10,11,0.5999755859,0,3086
7,3,0.0 mg,46,dead - heart or vascular,75,100,normal activity,0,14,10,benign,13,13,9,0.7999267578,0,3099
8,3,0.0 mg,62,alive,73,114,normal activity,1,17,11,heart strain,12.599609375,3,9,0.5999755859,0,3100
9,3,1.0 mg estrogen,61,alive,60,110,normal activity,0,12,8,normal,14.599609375,4,10,0.6999511719,0,3134
10,3,1.0 mg estrogen,60,alive,78,107,normal activity,1,13,8,old MI,13,21,6,0.3999633789,0,3140
11,3,1.0 mg estrogen,60,alive,77,89,normal activity,0,15,8,normal,15.599609375,3,8,0.5999755859,0,3141
12,3,5.0 mg estrogen,59,alive,74,105,normal activity,1,18,14,normal,13.599609375,6,8,0.3999633789,0,3176
13,3,0.2 mg estrogen,59,alive,74,107,normal activity,0,14,9,old MI,14.3984375,6,9,0.299987793,0,3183
14,3,0.0 mg,49,dead - prostatic ca,55,112,normal activity,1,16,9,heart strain,13.8984375,4,9,1,0,3183
15,3,5.0 mg estrogen,20,dead - cerebrovascular,73,88,normal activity,0,19,10,heart strain,12,15,10,0.5999755859,0,3196
16,3,5.0 mg estrogen,3,dead - heart or vascular,87,81,in bed less than half daytime,1,17,12,rhythmic disturb & electrolyte ch,13.3984375,3,9,0.3999633789,0,3196
17,3,0.0 mg,58,alive,64,90,normal activity,0,14,8,normal,16.19921875,6,9,0.6999511719,0,3218
18,3,1.0 mg estrogen,29,dead - pulmonary embolus,79,104,normal activity,0,13,8,benign,15,5,8,0.5,0,3230
19,3,5.0 mg estrogen,26,dead - heart or vascular,62,90,normal activity,1,13,8,benign,14.3984375,2,9,0.6999511719,0,3386
20,3,5.0 mg estrogen,52,alive,74,107,normal activity,0,13,8,heart strain,16.3984375,10,9,0.6999511719,0,3400
21,3,5.0 mg estrogen,20,dead - heart or vascular,83,72,in bed less than half daytime,1,13,9,heart strain,15,1,10,0.6999511719,0,3400
22,3,1.0 mg estrogen,51,alive,65,113,normal activity,0,16,10,normal,14.099609375,21,9,0.6999511719,0,3428
23,3,0.0 mg,51,alive,61,97,normal activity,0,11,8,normal,13.5,8,8,0.5999755859,0,3433
24,4,5.0 mg estrogen,31,dead - prostatic ca,56,95,normal activity,0,15,10,rhythmic disturb & electrolyte ch,14.798828125,26,13,35.6953125,1,2791
25,4,1.0 mg estrogen,42,dead - cerebrovascular,73,103,normal activity,0,16,10,normal,14.599609375,6,11,3.8999023438,0,2831
26,4,0.2 mg estrogen,38,dead - heart or vascular,69,75,normal activity,0,16,8,heart strain,10.69921875,25,11,6.19921875,0,2861
27,4,0.0 mg,69,alive,76,82,normal activity,0,12,8,old MI,11.69921875,12,10,2.5,0,2869
28,4,0.0 mg,39,dead - prostatic ca,71,103,normal activity,0,12,7,normal,14.3984375,11,11,12,0,2873
29,4,1.0 mg estrogen,33,dead - other ca,66,126,normal activity,0,17,10,heart strain,14,32,13,24.19921875,0,2884
30,4,0.2 mg estrogen,8,dead - prostatic ca,76,90,normal activity,0,15,9,heart strain,12.798828125,40,13,2.2998046875,0,2895
31,4,0.2 mg estrogen,13,dead - prostatic ca,74,77,in bed more than half daytime,0,16,9,heart strain,10.5,17,13,316,1,2905
32,4,5.0 mg estrogen,33,dead - other specific non-ca,71,150,normal activity,1,16,10,old MI,15,9,11,1.8999023438,0,2924
33,4,1.0 mg estrogen,9,dead - prostatic ca,71,88,normal activity,1,16,9,heart strain,12.298828125,38,13,35.3984375,0,2932
34,4,0.0 mg,21,dead - prostatic ca,79,89,normal activity,0,16,9,heart strain,12.798828125,26,12,12.099609375,0,2940
35,4,5.0 mg estrogen,66,dead - prostatic ca,75,101,normal activity,0,15,9,normal,14.599609375,8,14,3.7998046875,0,2953
36,4,5.0 mg estrogen,5,dead - prostatic ca,76,86,normal activity,1,16,6,heart strain,8.19921875,10,11,99.1875,1,2953
37,4,0.0 mg,27,dead - other specific non-ca,72,93,normal activity,0,16,10,heart strain,13,2,11,1.2998046875,0,2933
38,4,0.2 mg estrogen,2,dead - heart or vascular,69,84,normal activity,1,12,8,benign,10.3984375,15,13,28.8984375,1,2979
39,4,0.2 mg estrogen,20,dead - prostatic ca,53,99,normal activity,0,12,9,benign,14.19921875,26,13,5.599609375,1,3050
40,4,1.0 mg estrogen,19,dead - prostatic ca,76,85,normal activity,0,14,9,heart strain,13,6,11,1.3999023438,1,3141
41,4,0.0 mg,60,alive,72,95,normal activity,1,17,8,heart strain,13.599609375,12,12,2.2998046875,0,3162
42,4,1.0 mg estrogen,58,alive,,76,normal activity,0,15,8,heart strain,12.798828125,35,13,30,1,3202
43,4,5.0 mg estrogen,32,dead - prostatic ca,82,89,normal activity,0,14,8,normal,13,27,13,22.296875,1,3204
44,4,0.0 mg,53,alive,74,124,normal activity,0,16,8,heart block or conduction def,9.3984375,26,15,1.2998046875,0,3350
45,4,1.0 mg estrogen,53,alive,75,93,normal activity,0,13,9,rhythmic disturb & electrolyte ch,15.298828125,16,13,3.2998046875,0,3372
46,4,5.0 mg estrogen,43,dead - prostatic ca,74,81,normal activity,0,17,10,heart strain,13.3984375,28,11,20,1,3395
47,4,0.2 mg estrogen,21,dead - prostatic ca,60,96,normal activity,0,12,8,normal,14.298828125,27,13,7,0,3433
48,3,5.0 mg estrogen,30,dead - unknown cause,59,116,in bed less than half daytime,0,12,8,heart strain,15.19921875,,9,0.6999511719,0,2730
49,3,5.0 mg estrogen,74,alive,49,99,normal activity,0,13,7,normal,14.798828125,14,8,0.5,0,2735
50,3,0.0 mg,72,alive,74,96,in bed less than half daytime,1,11,6,old MI,10.3984375,20,11,0.5999755859,0,2779
51,3,0.0 mg,14,dead - prostatic ca,73,101,normal activity,0,16,7,normal,12.3984375,18,11,0.5999755859,0,2905
52,3,5.0 mg estrogen,33,dead - heart or vascular,76,98,normal activity,1,17,10,old MI,17.09765625,13,8,0.5,0,2995
53,3,0.2 mg estrogen,8,dead - cerebrovascular,72,84,normal activity,1,12,8,heart strain,14.798828125,15,8,0.5999755859,0,3001
54,3,1.0 mg estrogen,10,dead - heart or vascular,73,82,normal activity,1,16,8,heart strain,14.099609375,20,9,0.5,0,3022
55,3,0.0 mg,51,dead - prostatic ca,78,108,in bed more than half daytime,1,18,8,old MI,14.798828125,24,9,0.299987793,0,3023
56,3,0.2 mg estrogen,7,dead - heart or vascular,71,112,normal activity,1,15,9,normal,13.19921875,14,11,0.3999633789,0,3048
57,3,1.0 mg estrogen,63,alive,75,92,normal activity,0,13,8,heart strain,15.19921875,41,,0.7999267578,0,3059
58,3,0.2 mg estrogen,33,dead - prostatic ca,64,130,normal activity,0,13,9,normal,14.19921875,23,11,0.1999816895,0,3219
59,3,0.2 mg estrogen,3,dead - cerebrovascular,78,118,normal activity,1,16,9,heart strain,12.3984375,3,9,0.3999633789,0,3347
60,3,0.0 mg,43,dead - other ca,60,99,normal activity,0,12,9,normal,13.599609375,7,9,0.5999755859,0,3375
61,4,1.0 mg estrogen,37,dead - prostatic ca,68,104,normal activity,0,14,9,heart strain,14.3984375,32,13,7.2998046875,1,2712
62,4,0.0 mg,5,dead - cerebrovascular,77,93,in bed less than half daytime,0,21,9,old MI,12.8984375,24,13,11.69921875,0,2856
63,4,0.2 mg estrogen,6,dead - prostatic ca,73,102,normal activity,1,14,9,heart strain,12,51,15,8.69921875,0,2856
64,4,0.0 mg,2,dead - prostatic ca,70,76,in bed more than half daytime,0,12,8,normal,7.7998046875,26,11,2,1,2863
65,4,0.2 mg estrogen,5,dead - prostatic ca,53,106,normal activity,0,14,8,heart strain,14.298828125,10,11,0.6999511719,0,2982
66,4,5.0 mg estrogen,64,alive,55,116,normal activity,0,13,9,heart strain,14.798828125,26,15,4.599609375,1,3043
67,4,5.0 mg estrogen,1,dead - unspecified non-ca,80,91,in bed less than half daytime,1,14,8,old MI,11.69921875,15,13,1.2998046875,0,3259
68,4,1.0 mg estrogen,21,dead - prostatic ca,59,71,normal activity,0,8,4,heart strain,8.69921875,27,11,175.09375,1,3298
69,4,0.0 mg,16,dead - other specific non-ca,80,111,normal activity,0,16,9,normal,11.298828125,34,15,1.0998535156,1,3345
70,3,1.0 mg estrogen,21,dead - cerebrovascular,68,97,in bed less than half daytime,1,14,8,old MI,12.099609375,18,8,0.5999755859,0,2660
71,3,1.0 mg estrogen,12,dead - heart or vascular,77,103,normal activity,1,13,7,rhythmic disturb & electrolyte ch,14.3984375,5,9,0.6999511719,0,2686
72,3,1.0 mg estrogen,75,alive,74,110,normal activity,0,16,8,benign,13.599609375,7,8,0.5,0,2686
73,3,0.0 mg,74,alive,70,94,normal activity,0,15,7,benign,13.69921875,24,7,0.7999267578,0,2714
74,3,0.2 mg estrogen,74,alive,72,142,in bed less than half daytime,1,14,13,normal,12.599609375,,9,0.5,0,2714
75,3,0.2 mg estrogen,54,dead - prostatic ca,65,90,normal activity,0,14,8,normal,14,47,9,0.299987793,0,2723
76,3,5.0 mg estrogen,73,alive,74,97,normal activity,1,13,7,normal,12.8984375,6,8,0.1999816895,0,2754
77,3,0.0 mg,36,dead - heart or vascular,72,110,normal activity,1,22,13,old MI,14.69921875,5,10,0.5999755859,0,2763
78,3,0.0 mg,59,dead - other specific non-ca,69,97,normal activity,1,13,7,normal,14.298828125,4,9,0.299987793,0,2763
79,3,5.0 mg estrogen,6,dead - cerebrovascular,72,115,normal activity,1,16,10,normal,12,5,8,0.299987793,0,2772
80,3,0.2 mg estrogen,58,dead - heart or vascular,71,87,normal activity,1,13,10,rhythmic disturb & electrolyte ch,13.3984375,13,9,0.7999267578,0,2789
81,3,1.0 mg estrogen,16,dead - respiratory disease,73,93,normal activity,0,11,7,normal,13.798828125,8,9,0.299987793,0,2798
82,3,5.0 mg estrogen,19,dead - heart or vascular,79,106,normal activity,1,16,7,old MI,13.599609375,13,9,0.1999816895,0,2805
83,3,5.0 mg estrogen,39,dead - heart or vascular,63,86,normal activity,1,16,8,old MI,16,7,9,0.3999633789,0,2839
84,3,0.2 mg estrogen,26,dead - other ca,74,101,normal activity,1,14,9,rhythmic disturb & electrolyte ch,10.599609375,14,8,0.3999633789,0,2856
85,3,0.0 mg,60,dead - respiratory disease,72,118,normal activity,1,17,11,normal,15.599609375,9,9,0.5999755859,0,2856
86,3,0.2 mg estrogen,43,dead - other specific non-ca,78,117,normal activity,1,10,7,heart strain,13.599609375,16,8,0.3999633789,0,2862
87,3,5.0 mg estrogen,7,dead - heart or vascular,76,92,normal activity,1,12,7,old MI,13.599609375,12,9,0.5,0,2903
88,3,1.0 mg estrogen,9,dead - other ca,70,72,normal activity,1,16,9,heart block or conduction def,12,17,8,0.0999908447,0,2903
89,3,1.0 mg estrogen,67,alive,69,120,normal activity,1,16,10,heart strain,13.599609375,21,10,0.6999511719,0,2938
90,3,5.0 mg estrogen,62,dead - other ca,76,102,normal activity,1,12,8,normal,13.19921875,13,8,0.5,0,2951
91,3,0.0 mg,17,dead - respiratory disease,84,104,normal activity,1,15,10,benign,13.3984375,8,6,0.3999633789,0,3049
92,3,0.2 mg estrogen,25,dead - other ca,80,98,normal activity,1,15,8,normal,12.298828125,8,9,0.5,0,3049
93,3,1.0 mg estrogen,0,dead - respiratory disease,81,97,normal activity,0,10,7,normal,13.3984375,11,9,0.6999511719,0,3087
94,3,5.0 mg estrogen,5,dead - heart or vascular,81,76,normal activity,1,13,7,heart strain,14.8984375,28,9,0.5,0,3094
95,3,5.0 mg estrogen,34,dead - heart or vascular,71,100,normal activity,1,12,10,heart strain,14.3984375,11,6,0.299987793,0,3127
96,3,0.0 mg,59,alive,77,109,normal activity,0,14,7,normal,12,7,10,0.299987793,0,3182
97,3,0.2 mg estrogen,31,dead - heart or vascular,70,109,normal activity,1,18,8,heart strain,12,28,9,0.5,0,3197
98,3,0.0 mg,58,alive,76,108,normal activity,1,12,7,old MI,12,3,9,0.299987793,0,3204
99,3,1.0 mg estrogen,30,dead - cerebrovascular,76,102,normal activity,1,16,9,old MI,18.19921875,52,11,0.5999755859,0,3216
100,3,0.2 mg estrogen,57,alive,71,97,normal activity,0,13,7,heart block or conduction def,13.3984375,19,9,0.5999755859,0,3232
101,3,0.2 mg estrogen,5,dead - heart or vascular,76,96,normal activity,1,17,8,normal,13.69921875,33,9,0.5999755859,0,3239
102,3,5.0 mg estrogen,55,alive,64,100,normal activity,1,16,10,normal,13.69921875,6,9,0.1999816895,0,3295
103,3,1.0 mg estrogen,55,alive,74,113,normal activity,0,12,7,normal,14.298828125,7,10,0.7999267578,0,3317
104,3,0.0 mg,52,alive,76,88,normal activity,1,16,9,normal,12.298828125,3,8,0.5999755859,0,3394
105,3,5.0 mg estrogen,0,dead - pulmonary embolus,82,82,normal activity,1,13,9,rhythmic disturb & electrolyte ch,11.599609375,5,10,0.5999755859,0,3406
106,3,1.0 mg estrogen,51,alive,65,87,normal activity,1,16,8,normal,14.5,2,9,0.7999267578,0,3421
107,4,0.2 mg estrogen,17,dead - heart or vascular,70,83,in bed less than half daytime,0,14,6,normal,12.69921875,14,11,9.69921875,1,2660
108,4,5.0 mg estrogen,70,dead - other ca,76,92,normal activity,0,13,6,heart strain,9.69921875,6,10,6.19921875,1,2660
109,4,0.0 mg,74,alive,77,93,normal activity,0,10,6,benign,11,0,12,4.8994140625,0,2714
110,4,0.2 mg estrogen,74,alive,77,99,normal activity,1,17,9,normal,12.798828125,15,12,2.3999023438,0,2723
111,4,1.0 mg estrogen,20,dead - heart or vascular,70,103,normal activity,1,12,7,normal,13.5,23,11,10.19921875,0,2786
112,4,0.0 mg,2,dead - prostatic ca,73,80,normal activity,1,13,8,heart strain,12.8984375,61,12,39.6953125,0,2867
113,4,0.2 mg estrogen,8,dead - prostatic ca,63,119,normal activity,1,13,8,heart strain,12.798828125,14,15,41.6953125,1,2936
114,4,5.0 mg estrogen,27,dead - other specific non-ca,71,91,normal activity,0,13,6,heart strain,12,1,10,1.1999511719,0,2966
115,4,1.0 mg estrogen,23,dead - cerebrovascular,78,103,in bed less than half daytime,1,14,8,normal,10,38,12,1.7998046875,1,2994
116,4,0.0 mg,1,dead - heart or vascular,74,100,normal activity,1,13,8,old MI,14.3984375,1,11,1.0998535156,0,3294
117,4,5.0 mg estrogen,52,alive,70,110,normal activity,1,16,8,old MI,15.8984375,4,10,2,0,3381
118,4,1.0 mg estrogen,51,alive,73,106,normal activity,1,11,8,benign,11.19921875,10,13,1.1999511719,1,3414
119,4,5.0 mg estrogen,6,dead - prostatic ca,74,98,normal activity,1,13,6,rhythmic disturb & electrolyte ch,14,41,12,78.390625,1,3427
120,4,1.0 mg estrogen,0,dead - prostatic ca,77,91,normal activity,1,12,7,heart strain,14.298828125,6,11,1.6999511719,1,3434
121,4,5.0 mg estrogen,26,dead - heart or vascular,85,85,normal activity,1,15,7,normal,14,12,12,25.8984375,0,3434
122,3,0.0 mg,65,dead - respiratory disease,72,79,normal activity,1,13,7,normal,12.298828125,16,9,0.7999267578,0,2813
123,3,0.0 mg,52,dead - unspecified non-ca,74,106,normal activity,0,14,6,old MI,13.798828125,17,,0.1999816895,0,2813
124,3,0.2 mg estrogen,26,dead - prostatic ca,78,83,normal activity,0,13,7,normal,10.298828125,25,11,0.5,0,2852
125,3,5.0 mg estrogen,70,alive,60,110,normal activity,0,14,10,heart strain,14.298828125,13,,0.5,0,2853
126,3,0.0 mg,6,dead - other ca,72,76,normal activity,0,11,9,benign,10,16,10,0.6999511719,0,2868
127,3,0.2 mg estrogen,6,dead - pulmonary embolus,68,124,normal activity,0,13,7,rhythmic disturb & electrolyte ch,14.5,17,9,1.7998046875,0,2868
128,3,1.0 mg estrogen,68,alive,71,93,normal activity,0,15,9,normal,14.5,19,9,0.299987793,0,2902
129,3,5.0 mg estrogen,33,dead - heart or vascular,65,125,normal activity,0,17,9,old MI,15,19,8,0.7999267578,0,2924
130,3,0.2 mg estrogen,67,alive,67,96,normal activity,0,13,7,old MI,15.69921875,7,9,0.5,0,2954
131,3,0.2 mg estrogen,58,dead - heart or vascular,76,94,normal activity,0,12,7,normal,14.19921875,,7,0.299987793,0,2985
132,3,5.0 mg estrogen,23,dead - prostatic ca,74,98,normal activity,0,15,9,heart block or conduction def,14.19921875,3,12,4.099609375,0,2989
133,3,5.0 mg estrogen,6,dead - other ca,78,91,normal activity,0,11,7,normal,11,4,9,0.299987793,0,3021
134,3,1.0 mg estrogen,11,dead - heart or vascular,74,85,normal activity,0,14,8,benign,14,16,9,0.8999023438,0,3052
135,3,0.0 mg,6,dead - prostatic ca,71,92,normal activity,0,13,7,heart block or conduction def,14,9,9,0.7999267578,0,3079
136,3,1.0 mg estrogen,57,alive,74,113,normal activity,0,14,7,rhythmic disturb & electrolyte ch,10.5,20,9,0.5,0,3240
137,3,1.0 mg estrogen,57,alive,72,110,normal activity,0,17,10,heart strain,14.5,20,8,0.3999633789,0,3246
138,3,0.0 mg,29,dead - heart or vascular,57,97,normal activity,0,14,8,heart strain,14.69921875,20,9,0.6999511719,0,3311
139,3,0.2 mg estrogen,9,dead - other ca,74,104,normal activity,0,14,7,normal,13.798828125,25,8,0.7999267578,0,3325
140,3,1.0 mg estrogen,53,alive,72,105,normal activity,0,12,6,rhythmic disturb & electrolyte ch,13.599609375,5,9,0.6999511719,0,3372
141,3,1.0 mg estrogen,51,alive,65,99,normal activity,0,13,8,normal,14.3984375,10,9,0.5999755859,0,3423
142,3,5.0 mg estrogen,8,dead - pulmonary embolus,83,115,normal activity,0,17,9,heart strain,16.69921875,25,9,0.5999755859,0,3428
143,4,0.0 mg,0,dead - other specific non-ca,71,98,in bed more than half daytime,1,18,9,heart strain,12.298828125,34,13,42.8984375,1,2768
144,4,5.0 mg estrogen,21,dead - heart or vascular,73,103,normal activity,0,12,8,normal,12.798828125,21,11,2.7998046875,0,2790
145,4,0.2 mg estrogen,27,dead - prostatic ca,71,102,normal activity,0,14,7,normal,10.5,30,13,367,1,2889
146,4,1.0 mg estrogen,22,dead - respiratory disease,75,124,normal activity,0,18,11,heart strain,15.599609375,22,11,7,0,2889
147,4,1.0 mg estrogen,12,dead - prostatic ca,71,77,normal activity,0,10,6,rhythmic disturb & electrolyte ch,7,17,13,3.599609375,1,2895
148,4,1.0 mg estrogen,68,alive,56,69,normal activity,0,13,8,normal,10.69921875,11,13,1.3999023438,1,2902
149,4,1.0 mg estrogen,21,dead - other specific non-ca,83,88,normal activity,0,13,7,normal,13.298828125,15,13,21.69921875,0,2910
150,4,0.2 mg estrogen,68,alive,71,116,normal activity,0,15,8,heart strain,15,46,10,3.1997070313,0,2916
151,4,5.0 mg estrogen,0,dead - other specific non-ca,73,98,in bed less than half daytime,1,15,8,rhythmic disturb & electrolyte ch,10.19921875,23,13,127.796875,0,2950
152,4,5.0 mg estrogen,2,dead - prostatic ca,78,74,normal activity,0,12,9,heart strain,14,32,11,4.69921875,1,3021
153,4,0.0 mg,14,dead - prostatic ca,50,109,normal activity,0,12,8,normal,9.298828125,17,11,225.1875,1,3069
154,4,0.0 mg,18,dead - heart or vascular,73,101,normal activity,0,16,11,heart strain,14,9,11,2.6997070313,0,3099
155,4,5.0 mg estrogen,5,dead - prostatic ca,67,111,normal activity,0,12,9,old MI,9.599609375,17,11,7,1,3149
156,4,1.0 mg estrogen,60,alive,72,96,normal activity,0,15,9,normal,15.298828125,2,15,43.59375,1,3155
157,4,0.0 mg,40,dead - cerebrovascular,72,96,normal activity,0,14,10,benign,10.5,26,12,29.8984375,1,3156
158,4,0.0 mg,31,dead - prostatic ca,68,98,normal activity,0,18,10,old MI,15,,13,1.6999511719,0,3365
159,4,0.2 mg estrogen,51,alive,78,116,normal activity,0,15,10,heart strain,15.69921875,6,13,1.0998535156,0,3427
160,3,0.0 mg,50,dead - unknown cause,72,91,normal activity,1,19,9,heart strain,12,16,8,0.5999755859,0,2896
161,3,0.2 mg estrogen,46,dead - unknown cause,76,118,normal activity,1,18,8,heart strain,14.5,4,8,0.6999511719,0,2925
162,3,0.2 mg estrogen,65,alive,77,111,normal activity,0,19,9,heart block or conduction def,12.5,20,9,0.7999267578,0,3009
163,3,5.0 mg estrogen,9,dead - pulmonary embolus,70,127,normal activity,0,13,9,rhythmic disturb & electrolyte ch,11.798828125,14,8,0.1999816895,0,3051
164,3,0.2 mg estrogen,21,dead - other ca,74,96,normal activity,1,10,7,normal,10.19921875,18,9,0.8999023438,0,3097
165,3,0.2 mg estrogen,27,dead - unknown cause,71,92,normal activity,1,15,8,old MI,10.599609375,5,8,0.3999633789,0,3181
166,3,1.0 mg estrogen,54,alive,69,89,normal activity,1,12,7,normal,13.5,4,8,0.5,0,3346
167,3,1.0 mg estrogen,52,alive,70,111,normal activity,1,18,8,rhythmic disturb & electrolyte ch,8.19921875,22,9,0.7999267578,0,3384
168,4,1.0 mg estrogen,75,alive,58,99,normal activity,0,19,12,heart strain,13.099609375,24,11,1.5998535156,0,2691
169,4,5.0 mg estrogen,75,alive,78,99,normal activity,0,14,7,normal,12.599609375,27,,4.599609375,1,2685
170,4,1.0 mg estrogen,30,dead - heart or vascular,73,105,normal activity,1,14,6,old MI,13.798828125,9,15,5.099609375,0,2744
171,4,5.0 mg estrogen,70,alive,69,108,normal activity,0,12,8,normal,12.19921875,23,11,2,0,2852
172,4,1.0 mg estrogen,14,dead - other ca,73,94,normal activity,0,12,7,old MI,13.3984375,31,13,3.3999023438,0,2863
173,4,0.0 mg,0,dead - other specific non-ca,73,93,normal activity,0,14,8,normal,7.7998046875,23,15,1.1999511719,0,3106
174,4,5.0 mg estrogen,42,dead - heart or vascular,68,100,normal activity,0,17,10,heart strain,11.69921875,32,13,26.3984375,0,3112
175,4,1.0 mg estrogen,12,dead - heart or vascular,75,88,normal activity,1,14,6,normal,13.3984375,31,13,21.59765625,1,3118
176,4,0.0 mg,40,dead - heart or vascular,68,104,normal activity,1,17,10,old MI,15,25,10,0.8999023438,1,3122
177,4,0.0 mg,2,dead - prostatic ca,76,88,normal activity,1,16,7,normal,11.19921875,32,13,26.19921875,0,3125
178,4,1.0 mg estrogen,12,dead - prostatic ca,76,87,in bed less than half daytime,1,14,5,heart strain,11.69921875,28,14,42.796875,1,3225
179,4,0.2 mg estrogen,53,alive,75,89,normal activity,1,14,8,normal,12.599609375,8,11,2,0,3355
180,4,0.2 mg estrogen,11,dead - prostatic ca,59,116,normal activity,1,10,6,normal,12.798828125,6,11,2.3999023438,0,3358
181,3,5.0 mg estrogen,18,dead - heart or vascular,72,96,normal activity,0,11,8,normal,10.298828125,9,11,3.2998046875,1,2734
182,3,1.0 mg estrogen,13,dead - cerebrovascular,80,91,normal activity,0,15,8,rhythmic disturb & electrolyte ch,12.298828125,4,8,0.5999755859,0,2805
183,3,0.2 mg estrogen,45,dead - other specific non-ca,78,112,normal activity,1,16,8,normal,15,7,9,0.299987793,0,2839
184,3,1.0 mg estrogen,8,dead - unknown cause,52,90,normal activity,1,13,8,heart strain,14.798828125,4,9,0.299987793,0,2841
185,3,5.0 mg estrogen,28,dead - prostatic ca,75,87,normal activity,0,9,5,heart strain,12.69921875,8,8,1,0,2917
186,3,5.0 mg estrogen,67,alive,67,109,normal activity,1,14,8,normal,14,3,9,0.7999267578,0,2925
187,3,0.2 mg estrogen,67,alive,74,103,normal activity,0,16,6,heart strain,13,4,9,0.3999633789,0,2937
188,3,0.0 mg,24,dead - heart or vascular,79,107,in bed less than half daytime,1,23,10,heart strain,11.599609375,2,9,0.1999816895,0,2945
189,3,0.2 mg estrogen,64,alive,73,96,normal activity,0,15,10,rhythmic disturb & electrolyte ch,12,4,9,0.5,0,3022
190,3,1.0 mg estrogen,26,dead - heart or vascular,75,113,in bed more than half daytime,0,12,7,heart strain,13.5,1,13,0.6999511719,0,3036
191,4,0.2 mg estrogen,57,dead - prostatic ca,72,88,normal activity,0,14,7,heart strain,12,7,12,59.3984375,0,2796
192,4,0.2 mg estrogen,32,dead - prostatic ca,55,96,normal activity,1,15,9,heart strain,10.298828125,12,11,0.1999816895,0,2810
193,4,0.0 mg,71,alive,68,,in bed less than half daytime,1,16,9,normal,14.599609375,18,11,0.1999816895,0,2812
194,4,0.2 mg estrogen,42,dead - cerebrovascular,48,100,in bed less than half daytime,1,14,10,heart strain,12.298828125,3,11,1.5,0,2812
195,4,0.0 mg,20,dead - heart or vascular,75,88,normal activity,1,9,5,heart strain,14,1,11,4.7998046875,0,2817
196,4,1.0 mg estrogen,71,alive,56,94,normal activity,0,12,8,normal,14.3984375,1,10,1.0998535156,0,2818
197,4,5.0 mg estrogen,54,dead - respiratory disease,70,86,normal activity,0,14,9,heart strain,14.3984375,4,11,1.1999511719,0,3030
198,4,5.0 mg estrogen,64,alive,54,89,normal activity,0,15,6,rhythmic disturb & electrolyte ch,14.798828125,8,13,1.1999511719,1,3035
199,4,5.0 mg estrogen,51,dead - heart or vascular,87,82,normal activity,0,14,7,normal,11,3,15,2.099609375,1,3035
200,3,5.0 mg estrogen,1,dead - heart or vascular,73,94,normal activity,1,14,9,heart strain,13.298828125,22,8,0.7999267578,0,2691
201,3,0.0 mg,2,dead - other specific non-ca,76,94,normal activity,0,16,10,normal,10.69921875,8,9,0.5999755859,0,2708
202,3,5.0 mg estrogen,0,dead - prostatic ca,68,106,normal activity,0,15,9,normal,10.69921875,69,13,0.8999023438,0,2734
203,3,0.0 mg,54,dead - cerebrovascular,70,97,normal activity,1,17,10,rhythmic disturb & electrolyte ch,13.798828125,10,9,0.5999755859,0,2734
204,3,0.2 mg estrogen,69,alive,65,83,normal activity,0,12,6,normal,16,8,9,0.5999755859,0,2877
205,3,0.0 mg,68,alive,79,95,normal activity,0,14,8,heart strain,13.3984375,11,9,0.3999633789,0,2894
206,3,0.0 mg,67,alive,70,120,normal activity,0,19,11,normal,14.69921875,7,9,0.5,0,2931
207,3,1.0 mg estrogen,66,alive,70,99,normal activity,0,12,8,normal,16,8,9,0.5999755859,0,2978
208,3,0.0 mg,64,alive,59,90,normal activity,1,14,8,normal,10.3984375,2,9,0.299987793,0,3022
209,3,0.2 mg estrogen,63,alive,72,73,in bed more than half daytime,0,13,8,normal,14.19921875,11,8,0.5999755859,0,3065
210,3,1.0 mg estrogen,35,dead - cerebrovascular,76,88,normal activity,1,14,9,normal,15.19921875,4,5,0.5999755859,0,3083
211,3,5.0 mg estrogen,62,alive,78,123,normal activity,0,13,8,benign,16.796875,0,10,0.8999023438,0,3093
212,3,1.0 mg estrogen,7,dead - other specific non-ca,76,113,normal activity,1,14,6,heart strain,12.798828125,3,8,0.6999511719,0,3119
213,3,5.0 mg estrogen,35,dead - other specific non-ca,66,87,normal activity,0,14,9,normal,14.298828125,3,8,0.3999633789,0,3134
214,3,1.0 mg estrogen,24,dead - pulmonary embolus,69,91,normal activity,1,16,10,heart block or conduction def,15,11,8,0.299987793,0,3218
215,3,5.0 mg estrogen,57,alive,71,88,normal activity,0,16,8,heart strain,15.3984375,3,9,0.5,0,3248
216,3,0.2 mg estrogen,1,dead - other ca,75,120,normal activity,0,15,7,heart strain,15.099609375,4,8,0.5999755859,0,3287
217,3,0.2 mg estrogen,4,dead - heart or vascular,74,99,normal activity,1,17,9,rhythmic disturb & electrolyte ch,15.69921875,7,7,0.5999755859,0,3330
218,4,0.2 mg estrogen,74,dead - other ca,72,103,normal activity,0,15,9,heart block or conduction def,16.5,4,10,1,0,2699
219,4,0.2 mg estrogen,0,dead - prostatic ca,78,96,in bed more than half daytime,0,16,9,heart strain,10.099609375,54,12,4.599609375,1,2700
220,4,0.2 mg estrogen,51,dead - heart or vascular,71,110,normal activity,0,14,9,old MI,13.3984375,6,10,0.6999511719,1,2723
221,4,5.0 mg estrogen,36,dead - heart or vascular,75,101,normal activity,1,16,10,heart strain,11,15,10,1.5998535156,0,2754
222,4,0.2 mg estrogen,16,dead - prostatic ca,73,89,in bed more than half daytime,0,15,8,heart strain,7.19921875,14,11,20.3984375,1,2770
223,4,1.0 mg estrogen,32,dead - prostatic ca,79,79,in bed more than half daytime,0,15,7,benign,13.298828125,16,13,28.8984375,1,2832
224,4,5.0 mg estrogen,68,alive,70,92,normal activity,0,16,8,normal,13.5,22,14,2.6997070313,0,2897
225,4,0.2 mg estrogen,17,dead - prostatic ca,73,76,normal activity,0,17,8,normal,13.3984375,50,13,8.8984375,0,2905
226,4,0.0 mg,66,alive,75,98,normal activity,1,14,8,normal,14.69921875,16,13,2.7998046875,0,2973
227,4,1.0 mg estrogen,65,alive,76,83,normal activity,0,12,6,rhythmic disturb & electrolyte ch,11.3984375,13,11,596,1,2995
228,4,0.0 mg,19,dead - prostatic ca,71,77,in bed less than half daytime,0,17,7,old MI,11.798828125,61,15,4.2998046875,1,3000
229,4,1.0 mg estrogen,41,dead - prostatic ca,76,91,normal activity,0,17,8,normal,15.099609375,24,11,8.19921875,0,3003
230,4,0.0 mg,28,dead - heart or vascular,73,106,normal activity,1,16,9,normal,14.69921875,11,11,36.8984375,0,3017
231,4,0.0 mg,0,dead - heart or vascular,70,80,normal activity,1,10,8,heart strain,12.19921875,5,11,4.2998046875,0,3023
232,4,5.0 mg estrogen,46,dead - prostatic ca,72,100,normal activity,1,12,7,old MI,16,62,11,54.796875,1,3038
233,4,5.0 mg estrogen,63,alive,74,101,normal activity,0,14,9,old MI,14.798828125,25,10,2.3999023438,0,3066
234,4,1.0 mg estrogen,60,alive,62,98,normal activity,0,12,8,heart strain,15.599609375,15,13,4.5,0,3139
235,4,1.0 mg estrogen,59,alive,53,116,normal activity,0,13,8,normal,16.3984375,7,12,1,0,3184
236,3,5.0 mg estrogen,46,dead - heart or vascular,54,91,normal activity,0,13,10,normal,13,15,9,0.6999511719,0,2677
237,3,1.0 mg estrogen,63,dead - prostatic ca,58,94,normal activity,1,16,10,heart block or conduction def,13.798828125,12,9,0.1999816895,0,2677
238,3,5.0 mg estrogen,8,dead - heart or vascular,78,99,normal activity,1,17,9,old MI,12,9,8,0.0999908447,0,2720
239,3,1.0 mg estrogen,74,alive,77,100,normal activity,1,10,7,heart block or conduction def,12.3984375,25,9,0.3999633789,0,2722
240,3,0.0 mg,18,dead - heart or vascular,61,152,normal activity,1,15,10,heart strain,14.099609375,18,7,0.1999816895,0,2728
241,3,0.0 mg,33,dead - other specific non-ca,78,98,in bed less than half daytime,1,13,7,heart strain,13.599609375,9,9,0.5,0,2811
242,3,0.0 mg,12,dead - heart or vascular,68,88,in bed less than half daytime,1,24,12,heart strain,14.3984375,12,9,0.1999816895,0,2824
243,3,0.2 mg estrogen,1,dead - other specific non-ca,62,76,in bed less than half daytime,0,10,6,,11.599609375,13,9,0.299987793,0,2826
244,3,1.0 mg estrogen,66,alive,70,109,normal activity,0,15,10,normal,14.5,15,11,0.5999755859,0,2981
245,3,1.0 mg estrogen,28,dead - other ca,75,81,normal activity,0,16,10,normal,13.69921875,19,10,0.5,0,3090
246,3,0.2 mg estrogen,30,dead - heart or vascular,80,91,normal activity,0,12,8,heart strain,10.798828125,22,11,0.8999023438,0,3170
247,3,0.2 mg estrogen,57,dead - other specific non-ca,76,99,normal activity,1,13,8,old MI,11.19921875,20,8,0.5,0,3183
248,3,1.0 mg estrogen,50,dead - prostatic ca,68,102,normal activity,0,16,8,normal,12,20,11,0.6999511719,0,3185
249,3,0.0 mg,39,dead - heart or vascular,73,81,normal activity,1,19,4,heart strain,12.5,18,11,0.299987793,0,3213
250,3,0.0 mg,40,dead - heart or vascular,79,96,normal activity,0,15,10,heart strain,14,16,6,0.299987793,0,3213
251,3,0.2 mg estrogen,24,dead - cerebrovascular,78,81,normal activity,1,14,7,old MI,11,4,9,0.3999633789,0,3381
252,3,5.0 mg estrogen,6,dead - heart or vascular,79,94,normal activity,1,11,8,old MI,12.19921875,4,6,0.3999633789,0,3441
253,4,0.2 mg estrogen,30,dead - heart or vascular,72,90,in bed less than half daytime,1,22,12,heart strain,12.298828125,15,14,0.5,1,2782
254,4,0.2 mg estrogen,58,dead - prostatic ca,52,106,normal activity,1,11,7,normal,15,13,14,5.2998046875,0,2807
255,4,1.0 mg estrogen,68,alive,76,97,normal activity,1,15,10,heart strain,14.599609375,19,11,353.5,0,2908
256,4,0.2 mg estrogen,24,dead - prostatic ca,74,85,normal activity,0,16,10,rhythmic disturb & electrolyte ch,10,19,13,13.8984375,1,2924
257,4,0.0 mg,33,dead - unspecified non-ca,71,86,normal activity,0,14,8,normal,10.19921875,8,11,0.3999633789,1,2933
258,4,5.0 mg estrogen,65,alive,72,96,normal activity,0,14,10,rhythmic disturb & electrolyte ch,12.298828125,17,12,20,0,3006
259,4,5.0 mg estrogen,2,dead - pulmonary embolus,77,113,normal activity,0,15,8,normal,13.798828125,22,12,5.5,0,3006
260,4,0.2 mg estrogen,64,alive,73,100,normal activity,1,16,10,heart strain,13.798828125,23,11,9.69921875,0,3023
261,4,0.0 mg,19,dead - prostatic ca,75,83,normal activity,0,12,7,rhythmic disturb & electrolyte ch,11.798828125,17,13,2.2998046875,0,3077
262,4,0.0 mg,58,alive,73,,normal activity,0,13,7,old MI,13.298828125,20,13,1.0998535156,0,3204
263,4,5.0 mg estrogen,15,dead - prostatic ca,71,98,normal activity,0,15,10,heart strain,14.69921875,12,11,43.09375,1,3364
264,4,0.2 mg estrogen,10,dead - prostatic ca,76,94,normal activity,1,16,9,normal,10.5,20,12,33.59375,0,3367
265,4,5.0 mg estrogen,12,dead - prostatic ca,49,90,in bed less than half daytime,0,14,8,heart strain,14.099609375,21,15,5.599609375,1,3367
266,4,5.0 mg estrogen,53,alive,74,91,in bed more than half daytime,1,13,7,rhythmic disturb & electrolyte ch,13.3984375,17,11,278.25,1,3373
267,4,1.0 mg estrogen,51,alive,59,97,normal activity,0,13,6,normal,14.099609375,17,13,2.1997070313,0,3412
268,4,1.0 mg estrogen,1,dead - heart or vascular,79,116,normal activity,1,15,9,rhythmic disturb & electrolyte ch,12.599609375,23,11,3.7998046875,0,3436
269,3,1.0 mg estrogen,40,dead - prostatic ca,78,113,normal activity,0,20,10,,13.19921875,36,11,0.5999755859,0,2849
270,3,0.0 mg,40,dead - prostatic ca,78,110,normal activity,0,14,8,,14.798828125,15,9,0.299987793,0,2953
271,3,1.0 mg estrogen,66,alive,79,96,normal activity,0,14,8,,14.798828125,19,8,0.3999633789,0,2960
272,3,0.2 mg estrogen,2,dead - pulmonary embolus,72,82,normal activity,0,13,7,heart strain,9.3984375,33,11,0.5999755859,0,2971
273,3,0.2 mg estrogen,21,dead - prostatic ca,58,136,in bed less than half daytime,1,14,8,benign,10.5,30,12,0.6999511719,0,3020
274,3,5.0 mg estrogen,35,dead - prostatic ca,73,101,normal activity,0,12,6,normal,12.798828125,46,11,0.5999755859,0,3023
275,3,0.0 mg,29,dead - prostatic ca,75,113,normal activity,1,19,8,old MI,10.8984375,21,11,0.3999633789,0,3188
276,3,5.0 mg estrogen,54,dead - prostatic ca,78,107,normal activity,0,14,9,normal,12.798828125,42,11,29.69921875,0,3265
277,3,5.0 mg estrogen,37,dead - heart or vascular,60,94,normal activity,0,15,9,normal,13,10,9,0.3999633789,0,3307
278,3,0.2 mg estrogen,10,dead - other ca,72,83,normal activity,0,11,7,normal,13.798828125,15,9,0.3999633789,0,3353
279,4,5.0 mg estrogen,29,dead - prostatic ca,59,99,confined to bed,0,13,8,normal,12.69921875,17,13,999.875,1,2673
280,4,1.0 mg estrogen,71,alive,84,107,normal activity,0,14,7,,13,15,11,37.8984375,1,2826
281,4,0.0 mg,12,dead - prostatic ca,74,107,normal activity,1,15,8,normal,14.599609375,18,11,8.3984375,0,2826
282,4,0.2 mg estrogen,13,dead - prostatic ca,76,97,normal activity,0,14,8,normal,13.69921875,36,15,15.5,0,2848
283,4,0.0 mg,27,dead - prostatic ca,80,135,normal activity,1,11,7,old MI,12.8984375,17,11,3.7998046875,0,2894
284,4,0.2 mg estrogen,66,dead - prostatic ca,72,123,normal activity,1,15,8,rhythmic disturb & electrolyte ch,15.798828125,0,13,1.7998046875,0,2868
285,4,0.0 mg,28,dead - prostatic ca,59,100,normal activity,0,14,8,,15.798828125,21,11,5.2998046875,0,2981
286,4,1.0 mg estrogen,31,dead - prostatic ca,74,111,normal activity,0,13,8,normal,15.19921875,25,13,4.19921875,0,3015
287,4,1.0 mg estrogen,12,dead - prostatic ca,65,102,normal activity,0,15,9,normal,15.5,19,11,2.1997070313,0,3063
288,4,0.0 mg,9,dead - heart or vascular,71,119,normal activity,0,19,10,heart strain,13.599609375,24,13,25.59765625,1,3063
289,4,0.2 mg estrogen,21,dead - prostatic ca,76,94,normal activity,0,14,6,normal,10.599609375,24,11,10.8984375,1,3212
290,4,5.0 mg estrogen,19,dead - prostatic ca,74,74,confined to bed,0,14,5,heart block or conduction def,11.19921875,2,11,3.6997070313,1,3253
291,4,1.0 mg estrogen,51,alive,75,114,normal activity,0,18,7,old MI,13.798828125,22,11,2.2998046875,0,3430
292,3,0.0 mg,71,dead - prostatic ca,73,134,in bed less than half daytime,1,22,10,heart strain,14,22,11,0.5999755859,0,2652
293,3,1.0 mg estrogen,76,alive,74,99,normal activity,1,17,7,normal,11.099609375,12,11,0.3999633789,0,2658
294,3,5.0 mg estrogen,46,dead - prostatic ca,72,112,in bed less than half daytime,1,16,8,normal,13,30,11,0.5999755859,0,2667
295,3,0.2 mg estrogen,47,dead - other ca,75,107,normal activity,1,15,9,heart strain,16.19921875,7,9,1.0998535156,0,2681
296,3,0.2 mg estrogen,75,alive,70,99,in bed less than half daytime,0,12,7,normal,13.8984375,7,9,0.8999023438,0,2681
297,3,5.0 mg estrogen,75,alive,61,94,normal activity,0,12,7,heart strain,12,4,9,0.7999267578,0,2681
298,3,1.0 mg estrogen,49,dead - heart or vascular,71,94,normal activity,1,16,7,heart strain,15.599609375,9,9,0.299987793,0,2681
299,3,5.0 mg estrogen,75,alive,57,84,normal activity,0,12,8,normal,13.8984375,6,8,0.5,0,2686
300,3,5.0 mg estrogen,75,alive,65,111,normal activity,0,14,8,old MI,13.69921875,15,9,0.7999267578,0,2691
301,3,0.0 mg,31,dead - heart or vascular,78,96,in bed less than half daytime,1,17,11,normal,14.8984375,2,10,0.1999816895,0,2707
302,3,0.0 mg,69,dead - prostatic ca,60,122,normal activity,0,13,9,normal,16.09765625,26,9,0.5,0,2712
303,3,0.2 mg estrogen,74,alive,72,102,normal activity,0,16,8,normal,14,23,7,0.299987793,0,2730
304,3,1.0 mg estrogen,25,dead - other specific non-ca,81,102,in bed less than half daytime,0,15,8,old MI,12.798828125,4,8,0.5,0,2747
305,3,5.0 mg estrogen,72,alive,70,87,normal activity,0,15,8,normal,14.599609375,5,10,0.299987793,0,2783
306,3,0.2 mg estrogen,28,dead - other specific non-ca,62,88,normal activity,1,12,7,recent MI,13.5,10,8,0.299987793,0,2789
307,3,1.0 mg estrogen,36,dead - other specific non-ca,68,98,normal activity,0,16,7,rhythmic disturb & electrolyte ch,13.298828125,40,9,0.3999633789,0,2793
308,3,0.0 mg,8,dead - prostatic ca,74,97,normal activity,0,14,8,heart strain,13.599609375,14,8,0.5,0,2799
309,3,0.2 mg estrogen,71,alive,65,117,normal activity,1,15,8,normal,16.5,9,9,0.7999267578,0,2827
310,3,0.0 mg,60,dead - cerebrovascular,74,95,normal activity,1,18,9,normal,9.798828125,2,8,0.6999511719,0,2839
311,3,1.0 mg estrogen,14,dead - pulmonary embolus,76,99,normal activity,1,15,9,heart strain,12,9,11,0.7999267578,0,2859
312,3,0.2 mg estrogen,22,dead - other specific non-ca,70,78,normal activity,0,14,7,rhythmic disturb & electrolyte ch,14.8984375,9,11,0.1999816895,0,2889
313,3,5.0 mg estrogen,67,dead - unspecified non-ca,73,105,normal activity,0,13,6,rhythmic disturb & electrolyte ch,14.8984375,39,9,0.5,0,2894
314,3,0.0 mg,62,dead - heart or vascular,71,107,normal activity,1,18,10,heart strain,14.5,9,8,0.299987793,0,2905
315,3,5.0 mg estrogen,68,alive,73,118,normal activity,0,17,9,heart block or conduction def,13.3984375,4,9,0.6999511719,0,2905
316,3,0.0 mg,68,alive,71,108,normal activity,0,16,12,heart strain,14.099609375,7,9,0.3999633789,0,2910
317,3,1.0 mg estrogen,27,dead - cerebrovascular,75,145,normal activity,0,13,8,benign,15.3984375,4,9,0.5,0,2912
318,3,0.2 mg estrogen,68,alive,70,98,normal activity,0,11,7,heart strain,14.19921875,19,10,0.5,0,2919
319,3,1.0 mg estrogen,68,alive,77,98,normal activity,0,12,6,old MI,15.5,9,9,0.3999633789,0,2919
320,3,0.0 mg,67,alive,71,87,normal activity,0,15,8,normal,15.599609375,8,8,0.5999755859,0,2925
321,3,0.0 mg,67,alive,75,101,normal activity,0,14,7,heart block or conduction def,13.5,18,7,0.5,0,2925
322,3,0.2 mg estrogen,3,dead - heart or vascular,74,105,normal activity,1,16,7,heart strain,14.099609375,10,11,0.299987793,0,2925
323,3,5.0 mg estrogen,49,dead - heart or vascular,72,100,normal activity,0,11,6,heart strain,15,8,11,0.299987793,0,2936
324,3,5.0 mg estrogen,12,dead - respiratory disease,89,92,normal activity,1,13,6,old MI,13.599609375,8,9,0.6999511719,0,2937
325,3,0.2 mg estrogen,30,dead - respiratory disease,75,96,normal activity,0,12,6,heart strain,14.298828125,10,12,0.6999511719,0,2937
326,3,1.0 mg estrogen,67,alive,71,101,normal activity,0,14,8,heart strain,14.69921875,3,11,0.5,0,2947
327,3,1.0 mg estrogen,5,dead - other ca,80,95,normal activity,1,16,10,heart strain,14.5,7,9,0.8999023438,0,2952
328,3,1.0 mg estrogen,65,dead - other ca,51,96,normal activity,0,13,8,normal,11.798828125,2,6,0.5999755859,0,2964
329,3,0.0 mg,24,dead - other specific non-ca,71,81,normal activity,0,9,4,normal,13.69921875,10,9,0.3999633789,0,2965
330,3,0.2 mg estrogen,66,alive,72,95,normal activity,1,10,5,normal,14,8,8,0.6999511719,0,2971
331,3,5.0 mg estrogen,36,dead - heart or vascular,70,91,normal activity,1,16,9,heart block or conduction def,15.8984375,7,9,1,0,2974
332,3,0.0 mg,66,alive,55,103,normal activity,0,16,10,old MI,16.69921875,2,8,0.7999267578,0,2978
333,3,0.2 mg estrogen,40,dead - cerebrovascular,76,104,normal activity,1,15,7,heart strain,14.599609375,3,9,0.5,0,2978
334,3,0.2 mg estrogen,13,dead - other specific non-ca,68,97,normal activity,0,17,9,heart strain,9.5,11,8,0.5,0,2978
335,3,5.0 mg estrogen,40,dead - cerebrovascular,75,81,normal activity,1,12,8,old MI,15.5,14,8,0.3999633789,0,3001
336,3,0.2 mg estrogen,65,alive,52,101,normal activity,1,15,10,heart strain,14,4,,0.5999755859,0,3007
337,3,0.2 mg estrogen,0,dead - other specific non-ca,75,91,normal activity,0,20,10,heart strain,11.798828125,3,11,0.1999816895,0,3013
338,3,1.0 mg estrogen,14,dead - heart or vascular,75,94,normal activity,1,11,7,heart strain,17.5,15,9,0.7999267578,0,3023
339,3,1.0 mg estrogen,45,dead - cerebrovascular,72,77,normal activity,0,13,7,normal,11,4,8,0.5,0,3023
340,3,1.0 mg estrogen,64,alive,74,118,normal activity,0,14,8,normal,14.19921875,4,6,0.5999755859,0,3023
341,3,1.0 mg estrogen,13,dead - respiratory disease,75,91,normal activity,0,13,7,rhythmic disturb & electrolyte ch,12.099609375,5,8,0.5,0,3023
342,3,0.0 mg,24,dead - other ca,75,79,normal activity,1,13,9,old MI,10.8984375,8,8,0.3999633789,0,3030
343,3,0.0 mg,15,dead - heart or vascular,71,96,normal activity,1,12,8,heart strain,17.296875,5,11,0.7999267578,0,3048
344,3,0.0 mg,26,dead - heart or vascular,76,102,normal activity,1,15,9,heart strain,11.19921875,10,8,0.5,0,3051
345,3,1.0 mg estrogen,5,dead - prostatic ca,70,83,normal activity,0,14,7,old MI,11.69921875,33,13,0.299987793,0,3051
346,3,0.2 mg estrogen,63,alive,73,129,normal activity,1,21,11,heart strain,16.69921875,10,8,0.6999511719,0,3055
347,3,5.0 mg estrogen,35,dead - heart or vascular,70,107,normal activity,1,13,8,old MI,16.09765625,7,11,0.7999267578,0,3111
348,3,0.0 mg,61,alive,75,93,normal activity,0,13,8,normal,13.69921875,10,12,0.0999908447,0,3111
349,3,5.0 mg estrogen,61,alive,70,127,normal activity,0,14,7,normal,16.19921875,8,9,0.5999755859,0,3122
350,3,5.0 mg estrogen,50,dead - unknown cause,74,97,normal activity,1,13,7,normal,12.298828125,1,8,0.3999633789,0,3127
351,3,5.0 mg estrogen,57,dead - heart or vascular,72,109,normal activity,0,16,10,normal,17.5,8,9,0.6999511719,0,3134
352,3,5.0 mg estrogen,21,dead - cerebrovascular,62,109,normal activity,1,16,8,heart strain,16.3984375,15,9,0.6999511719,0,3140
353,3,0.0 mg,26,dead - prostatic ca,72,111,normal activity,0,14,8,normal,15.298828125,37,11,0.5,0,3140
354,3,0.0 mg,11,dead - respiratory disease,77,74,normal activity,0,12,6,rhythmic disturb & electrolyte ch,12.3984375,45,11,0.5,0,3140
355,3,1.0 mg estrogen,59,alive,52,90,normal activity,0,12,7,heart strain,11.8984375,5,8,0.5,0,3188
356,3,0.0 mg,42,dead - prostatic ca,57,89,normal activity,0,12,6,normal,13.8984375,24,12,0.5,0,3190
357,3,1.0 mg estrogen,27,dead - cerebrovascular,80,90,normal activity,1,14,8,heart strain,14.298828125,9,8,0.5999755859,0,3195
358,3,0.2 mg estrogen,50,dead - heart or vascular,62,85,normal activity,1,11,7,normal,13.69921875,6,9,0.299987793,0,3253
359,3,1.0 mg estrogen,57,alive,72,101,normal activity,0,13,8,normal,14.599609375,8,10,0.5,0,3253
360,3,1.0 mg estrogen,57,alive,72,116,normal activity,0,14,8,heart strain,15.19921875,11,9,0.7999267578,0,3253
361,3,0.0 mg,0,dead - heart or vascular,77,91,normal activity,1,14,10,old MI,14.5,5,9,0.5,0,3272
362,3,0.2 mg estrogen,1,dead - heart or vascular,72,134,normal activity,1,15,8,heart strain,14.798828125,23,9,0.6999511719,0,3275
363,3,1.0 mg estrogen,54,alive,73,100,normal activity,0,18,10,old MI,11.69921875,8,9,0.6999511719,0,3346
364,3,0.2 mg estrogen,53,dead - prostatic ca,74,98,normal activity,1,16,8,old MI,13.798828125,11,8,1,0,3358
365,3,0.2 mg estrogen,23,dead - heart or vascular,74,82,normal activity,1,17,4,old MI,10.8984375,8,8,0.3999633789,0,3359
366,3,5.0 mg estrogen,8,dead - heart or vascular,72,110,normal activity,0,15,8,normal,13.099609375,4,9,0.7999267578,0,3370
367,3,5.0 mg estrogen,51,dead - pulmonary embolus,76,85,normal activity,1,14,8,old MI,15.8984375,25,9,0.8999023438,0,3374
368,3,0.0 mg,27,dead - other specific non-ca,78,111,normal activity,1,15,7,heart strain,12.298828125,7,9,0.5,0,3380
369,3,5.0 mg estrogen,52,alive,83,88,normal activity,1,16,8,old MI,10,1,7,0.5999755859,0,3384
370,3,0.2 mg estrogen,52,alive,80,99,normal activity,1,13,7,heart strain,13,6,9,0.5,0,3402
371,3,5.0 mg estrogen,52,alive,76,90,normal activity,0,15,8,heart block or conduction def,13.298828125,52,13,0.3999633789,0,3407
372,3,0.0 mg,45,dead - cerebrovascular,79,126,normal activity,0,13,8,old MI,15.3984375,7,11,0.6999511719,0,3407
373,3,0.2 mg estrogen,48,dead - other specific non-ca,76,116,normal activity,1,13,8,heart strain,16.8984375,2,9,0.3999633789,0,3423
374,3,0.0 mg,18,dead - prostatic ca,71,110,normal activity,1,14,8,heart strain,13,7,11,0.299987793,0,3427
375,4,0.0 mg,2,dead - other specific non-ca,61,95,normal activity,0,12,8,heart strain,11.5,37,12,25.59765625,1,2652
376,4,5.0 mg estrogen,2,dead - heart or vascular,77,96,in bed less than half daytime,1,14,7,heart strain,11.8984375,36,10,0.8999023438,1,2670
377,4,1.0 mg estrogen,35,dead - cerebrovascular,76,82,normal activity,0,10,6,heart strain,10.298828125,10,13,9.298828125,1,2686
378,4,1.0 mg estrogen,75,alive,71,106,normal activity,0,15,8,normal,14.099609375,26,13,10,0,2695
379,4,0.0 mg,75,alive,77,87,normal activity,0,11,6,benign,12.5,5,11,2.1997070313,0,2707
380,4,0.0 mg,9,dead - pulmonary embolus,78,89,normal activity,1,18,8,rhythmic disturb & electrolyte ch,14.298828125,39,13,25.296875,1,2729
381,4,1.0 mg estrogen,39,dead - prostatic ca,58,92,normal activity,0,12,8,heart strain,13.69921875,5,11,10.798828125,1,2772
382,4,5.0 mg estrogen,0,dead - heart or vascular,74,113,normal activity,1,11,8,heart strain,14.19921875,41,13,2.2998046875,0,2772
383,4,0.0 mg,26,dead - cerebrovascular,75,116,normal activity,1,18,9,rhythmic disturb & electrolyte ch,16,26,11,0.5,1,2835
384,4,0.0 mg,17,dead - pulmonary embolus,62,102,normal activity,0,18,11,old MI,14.599609375,16,13,10.099609375,0,2854
385,4,0.2 mg estrogen,43,dead - respiratory disease,80,92,normal activity,0,15,9,heart strain,13.099609375,0,13,1.0998535156,0,2887
386,4,5.0 mg estrogen,53,dead - prostatic ca,61,79,in bed less than half daytime,0,13,8,normal,10.298828125,14,11,4,0,2894
387,4,1.0 mg estrogen,47,dead - cerebrovascular,76,98,normal activity,1,17,9,old MI,13.3984375,19,11,3.7998046875,0,2919
388,4,0.2 mg estrogen,11,dead - prostatic ca,79,99,in bed less than half daytime,0,16,8,heart strain,9.099609375,38,13,31.3984375,1,3009
389,4,0.2 mg estrogen,65,alive,66,116,normal activity,0,12,8,normal,14.8984375,18,12,58.09375,0,3009
390,4,1.0 mg estrogen,16,dead - prostatic ca,61,83,normal activity,1,12,6,rhythmic disturb & electrolyte ch,13.599609375,4,15,38.5,1,3010
391,4,5.0 mg estrogen,21,dead - unspecified non-ca,79,99,normal activity,0,17,9,heart strain,16.09765625,4,13,6.099609375,0,3010
392,4,0.2 mg estrogen,64,alive,70,99,normal activity,1,13,7,normal,14.19921875,11,11,1.0998535156,0,3035
393,4,0.2 mg estrogen,7,dead - prostatic ca,73,105,normal activity,1,15,7,heart block or conduction def,15.599609375,10,9,1.0998535156,0,3111
394,4,5.0 mg estrogen,38,dead - prostatic ca,72,90,normal activity,0,11,8,heart strain,14.798828125,11,15,1.5,0,3115
395,4,1.0 mg estrogen,55,dead - prostatic ca,81,98,normal activity,1,13,6,normal,11.19921875,38,12,8.69921875,1,3097
396,4,0.0 mg,5,dead - respiratory disease,77,92,normal activity,0,15,9,heart strain,11.5,6,10,0.5999755859,0,3097
397,4,0.2 mg estrogen,28,dead - prostatic ca,76,76,normal activity,0,11,6,heart strain,14.798828125,29,13,1.7998046875,0,3143
398,4,0.0 mg,38,dead - prostatic ca,75,113,normal activity,1,10,6,rhythmic disturb & electrolyte ch,13.298828125,9,13,0.3999633789,1,3150
399,4,0.2 mg estrogen,20,dead - prostatic ca,72,79,normal activity,0,14,7,normal,12.19921875,24,11,7.19921875,1,3150
400,4,5.0 mg estrogen,24,dead - prostatic ca,74,108,normal activity,0,16,9,normal,12.599609375,12,13,1.0998535156,0,3155
401,4,5.0 mg estrogen,27,dead - prostatic ca,70,85,normal activity,0,16,8,rhythmic disturb & electrolyte ch,16.3984375,9,13,1.7998046875,0,3157
402,4,1.0 mg estrogen,31,dead - prostatic ca,61,91,normal activity,1,14,8,benign,10.69921875,25,13,152.1875,1,3195
403,4,0.0 mg,9,dead - prostatic ca,77,116,normal activity,1,14,8,rhythmic disturb & electrolyte ch,15.19921875,7,13,47,0,3196
404,4,1.0 mg estrogen,9,dead - prostatic ca,60,73,normal activity,0,11,8,,14.099609375,46,13,17,1,3204
405,4,1.0 mg estrogen,11,dead - unspecified non-ca,72,86,in bed less than half daytime,0,12,7,rhythmic disturb & electrolyte ch,14,50,15,1.0998535156,0,3238
406,4,5.0 mg estrogen,56,dead - prostatic ca,64,104,normal activity,0,17,7,normal,12,43,13,2.3999023438,1,3253
407,4,0.0 mg,36,dead - prostatic ca,78,95,normal activity,0,15,9,heart strain,13.798828125,55,10,3.1997070313,0,3261
408,4,0.2 mg estrogen,56,alive,74,108,normal activity,1,14,8,old MI,10.599609375,4,15,1.0998535156,0,3272
409,4,5.0 mg estrogen,15,dead - other ca,73,83,normal activity,1,12,7,heart strain,11.19921875,0,11,4.19921875,0,3272
410,4,5.0 mg estrogen,51,alive,71,104,normal activity,0,15,7,heart block or conduction def,16,26,11,0.7999267578,1,3429
411,3,0.0 mg,33,dead - cerebrovascular,75,113,normal activity,1,17,9,heart strain,13.798828125,9,9,0.6999511719,0,2824
412,3,1.0 mg estrogen,70,alive,72,105,normal activity,0,13,8,normal,13.798828125,3,9,0.7999267578,0,2838
413,3,5.0 mg estrogen,32,dead - heart or vascular,68,89,normal activity,1,19,10,heart strain,13.798828125,3,9,0.5999755859,0,2895
414,3,1.0 mg estrogen,5,dead - other ca,74,91,normal activity,0,15,8,normal,15.099609375,3,9,0.3999633789,0,2965
415,3,5.0 mg estrogen,23,dead - heart or vascular,72,93,normal activity,1,16,8,heart strain,16.59765625,4,9,0.1999816895,0,3000
416,3,0.0 mg,63,alive,79,110,normal activity,0,15,9,old MI,16.8984375,2,9,0.6999511719,0,3056
417,3,0.2 mg estrogen,30,dead - prostatic ca,62,104,normal activity,1,12,8,heart strain,16,32,11,0.3999633789,0,3078
418,3,0.2 mg estrogen,12,dead - prostatic ca,69,92,normal activity,1,17,7,old MI,15.5,22,,0.8999023438,0,3083
419,3,0.0 mg,53,dead - heart or vascular,62,119,normal activity,0,19,11,heart strain,16.3984375,14,9,0.5,0,3113
420,3,0.0 mg,12,dead - heart or vascular,72,128,normal activity,0,15,8,heart strain,16.3984375,15,9,0.5999755859,0,3176
421,3,0.0 mg,58,alive,72,109,normal activity,0,13,8,heart strain,13.298828125,12,9,0.5999755859,0,3203
422,3,1.0 mg estrogen,54,alive,51,112,normal activity,0,13,9,normal,15.798828125,7,8,0.7999267578,0,3322
423,3,0.0 mg,36,dead - prostatic ca,72,104,normal activity,0,18,10,normal,16.3984375,4,9,0.5999755859,0,3337
424,3,0.2 mg estrogen,20,dead - respiratory disease,81,104,normal activity,0,15,8,normal,16.8984375,16,13,0.7999267578,0,3364
425,4,5.0 mg estrogen,74,alive,71,81,normal activity,0,11,7,old MI,13.099609375,29,11,11.798828125,0,2714
426,4,0.0 mg,34,dead - prostatic ca,77,103,normal activity,0,14,7,rhythmic disturb & electrolyte ch,14.298828125,35,11,1.2998046875,0,2726
427,4,0.2 mg estrogen,70,alive,73,114,normal activity,1,14,8,normal,14.69921875,26,11,0.5,0,2832
428,4,0.0 mg,25,dead - prostatic ca,56,100,normal activity,0,17,8,heart strain,13.798828125,30,11,50.59375,1,2973
429,4,0.2 mg estrogen,65,alive,77,107,normal activity,0,14,9,heart strain,14.69921875,1,13,1.5998535156,0,2987
430,4,0.0 mg,4,dead - prostatic ca,78,104,normal activity,0,16,9,heart block or conduction def,12.69921875,27,11,22.59765625,0,3022
431,4,1.0 mg estrogen,10,dead - prostatic ca,76,96,normal activity,0,12,7,old MI,13.798828125,34,11,36,1,3119
432,4,1.0 mg estrogen,58,alive,68,79,normal activity,0,18,9,rhythmic disturb & electrolyte ch,13.3984375,9,11,1.1999511719,0,3205
433,4,0.0 mg,37,dead - prostatic ca,73,90,normal activity,0,14,9,benign,9.3984375,21,13,5.099609375,0,3223
434,4,5.0 mg estrogen,56,alive,56,135,normal activity,0,16,9,normal,14.69921875,10,10,3.1997070313,0,3279
435,4,1.0 mg estrogen,6,dead - prostatic ca,74,112,normal activity,1,20,10,heart strain,13.099609375,9,11,21.296875,1,3392
436,3,5.0 mg estrogen,54,dead - prostatic ca,76,84,normal activity,1,15,8,normal,12.599609375,19,,0.3999633789,0,2720
437,3,5.0 mg estrogen,0,dead - heart or vascular,69,113,normal activity,1,13,8,normal,11.298828125,1,9,0.0999908447,0,2813
438,3,1.0 mg estrogen,70,alive,73,84,normal activity,1,10,6,benign,15.599609375,1,9,0.5,0,2853
439,3,1.0 mg estrogen,70,alive,71,105,normal activity,0,12,8,normal,13.599609375,2,10,0.1999816895,0,2859
440,3,0.2 mg estrogen,28,dead - heart or vascular,75,97,normal activity,1,14,8,old MI,10.798828125,2,9,0.1999816895,0,2875
441,3,1.0 mg estrogen,40,dead - heart or vascular,69,85,normal activity,0,15,7,old MI,5.8994140625,2,9,0.299987793,0,2917
442,3,1.0 mg estrogen,67,alive,73,95,normal activity,0,11,7,normal,13.798828125,7,8,0.3999633789,0,2943
443,3,0.2 mg estrogen,36,dead - respiratory disease,59,81,normal activity,0,15,10,normal,16,2,9,0.3999633789,0,3076
444,3,0.0 mg,23,dead - respiratory disease,68,93,normal activity,0,13,7,normal,12.5,2,8,0.8999023438,0,3076
445,3,0.0 mg,23,dead - heart or vascular,78,115,normal activity,1,14,7,heart block or conduction def,13,2,8,0.0999908447,0,3076
446,3,0.0 mg,62,alive,63,95,normal activity,0,12,9,normal,13.19921875,3,8,0.299987793,0,3076
447,3,0.2 mg estrogen,62,alive,74,85,normal activity,0,12,9,heart block or conduction def,14.099609375,2,9,0.3999633789,0,3087
448,3,0.0 mg,62,alive,72,103,normal activity,0,16,7,heart strain,14.298828125,0,5,0.3999633789,0,3100
449,3,5.0 mg estrogen,2,dead - heart or vascular,78,103,normal activity,0,11,7,old MI,11.19921875,0,6,0.5999755859,0,3140
450,3,0.2 mg estrogen,34,dead - prostatic ca,70,85,normal activity,0,14,9,benign,14.8984375,2,12,0.5999755859,0,3170
451,3,1.0 mg estrogen,4,dead - heart or vascular,72,101,normal activity,0,14,10,rhythmic disturb & electrolyte ch,16.3984375,1,9,0.7999267578,0,3205
452,3,0.2 mg estrogen,12,dead - prostatic ca,76,103,normal activity,1,13,7,old MI,12.5,4,8,0.5,0,3213
453,3,0.0 mg,56,alive,66,106,normal activity,0,12,9,old MI,15.5,4,9,0.5,0,3260
454,3,5.0 mg estrogen,1,dead - heart or vascular,88,99,normal activity,1,13,6,old MI,14.099609375,17,9,0.6999511719,0,3275
455,3,5.0 mg estrogen,7,dead - other specific non-ca,78,88,normal activity,1,11,6,old MI,10.8984375,5,9,0.299987793,0,3413
456,4,0.0 mg,4,dead - prostatic ca,79,105,normal activity,0,12,7,normal,12.19921875,5,12,3,0,2740
457,4,0.0 mg,70,alive,77,106,normal activity,1,15,8,rhythmic disturb & electrolyte ch,16,1,9,2.1997070313,0,2841
458,4,5.0 mg estrogen,65,alive,71,101,normal activity,0,12,7,normal,12.69921875,2,10,1.5,0,3006
459,4,0.2 mg estrogen,7,dead - prostatic ca,74,91,normal activity,1,15,8,normal,12.599609375,8,13,11.298828125,0,3100
460,4,1.0 mg estrogen,30,dead - heart or vascular,75,124,normal activity,0,15,10,rhythmic disturb & electrolyte ch,13.19921875,3,13,1.6999511719,0,3132
461,4,0.2 mg estrogen,40,dead - heart or vascular,77,90,normal activity,1,10,6,heart block or conduction def,14.69921875,2,12,8.19921875,0,3176
462,4,0.0 mg,13,dead - heart or vascular,75,74,normal activity,1,15,9,normal,15.798828125,4,11,1.0998535156,0,3275
463,4,0.2 mg estrogen,22,dead - prostatic ca,64,110,normal activity,0,16,10,rhythmic disturb & electrolyte ch,9.298828125,6,11,6.2998046875,1,3332
464,4,1.0 mg estrogen,0,dead - heart or vascular,79,89,normal activity,0,17,10,heart block or conduction def,10.298828125,19,13,2,1,3332
465,4,0.0 mg,18,dead - prostatic ca,60,134,in bed more than half daytime,1,16,8,old MI,14.099609375,9,13,1.1999511719,0,3367
466,3,0.2 mg estrogen,64,dead - unknown cause,70,107,normal activity,0,14,9,heart strain,14.099609375,8,9,0.1999816895,0,2806
467,3,5.0 mg estrogen,13,dead - heart or vascular,73,111,normal activity,1,15,8,heart strain,17,4,9,0.6999511719,0,2856
468,3,0.0 mg,26,dead - prostatic ca,61,109,normal activity,0,14,9,rhythmic disturb & electrolyte ch,14.298828125,3,11,0.3999633789,0,2898
469,3,5.0 mg estrogen,1,dead - pulmonary embolus,79,97,in bed less than half daytime,1,16,8,heart strain,13.599609375,3,9,0.5999755859,0,2943
470,3,0.0 mg,16,dead - heart or vascular,78,88,normal activity,0,12,7,,11.3984375,4,9,0.3999633789,0,2985
472,3,0.2 mg estrogen,33,dead - heart or vascular,72,106,normal activity,1,13,8,old MI,16.5,17,11,0.5999755859,0,3267
474,3,0.0 mg,16,dead - heart or vascular,76,90,normal activity,0,13,8,rhythmic disturb & electrolyte ch,12,5,,1.0998535156,0,3336
476,4,0.2 mg estrogen,22,dead - prostatic ca,51,100,normal activity,0,16,9,normal,14.599609375,5,13,0.5999755859,0,2698
477,4,0.2 mg estrogen,30,dead - prostatic ca,59,87,normal activity,1,15,9,normal,15.099609375,32,13,3,0,2713
478,4,5.0 mg estrogen,53,dead - cerebrovascular,73,91,normal activity,1,16,9,rhythmic disturb & electrolyte ch,14.599609375,4,10,3.1997070313,0,2761
479,4,0.2 mg estrogen,53,dead - prostatic ca,74,90,normal activity,1,13,7,rhythmic disturb & electrolyte ch,11.798828125,5,13,1.2998046875,0,2806
480,4,0.0 mg,7,dead - prostatic ca,77,93,in bed more than half daytime,1,14,9,old MI,11.798828125,43,11,43,1,2806
481,4,0.2 mg estrogen,61,dead - prostatic ca,74,95,normal activity,0,15,7,rhythmic disturb & electrolyte ch,13.5,5,11,24.3984375,0,2841
482,4,0.0 mg,40,dead - prostatic ca,60,125,normal activity,0,11,7,normal,14,9,11,1.2998046875,0,2852
483,4,0.0 mg,9,dead - heart or vascular,72,83,normal activity,1,14,8,rhythmic disturb & electrolyte ch,12.8984375,18,13,1.3999023438,1,2943
484,4,1.0 mg estrogen,14,dead - prostatic ca,79,88,normal activity,1,12,7,old MI,8.599609375,20,,1.3999023438,0,3002
485,4,1.0 mg estrogen,59,alive,50,117,normal activity,0,12,8,normal,15.298828125,,13,10.298828125,0,3169
486,4,1.0 mg estrogen,59,alive,73,71,normal activity,0,16,8,normal,13.3984375,3,11,0.6999511719,1,3192
487,4,5.0 mg estrogen,7,dead - heart or vascular,72,110,normal activity,0,14,6,normal,13.69921875,4,11,2.099609375,0,3220
489,4,5.0 mg estrogen,12,dead - prostatic ca,80,105,in bed more than half daytime,1,14,7,old MI,8.5,6,5,160,1,3435
490,4,5.0 mg estrogen,46,dead - cerebrovascular,69,71,in bed less than half daytime,1,11,8,old MI,13.69921875,5,13,1.3999023438,1,3465
491,4,1.0 mg estrogen,50,alive,75,116,normal activity,0,14,8,normal,16,1,11,4.5,0,3465
492,4,5.0 mg estrogen,0,dead - pulmonary embolus,71,99,in bed less than half daytime,1,14,8,heart block or conduction def,14.099609375,1,11,1.6999511719,0,3465
493,3,5.0 mg estrogen,52,alive,73,114,normal activity,1,14,8,heart strain,13.599609375,8,8,0.5,0,3387
494,3,1.0 mg estrogen,19,dead - other ca,76,99,normal activity,1,15,9,heart block or conduction def,16,7,9,0.1999816895,0,3407
495,3,0.0 mg,52,alive,73,114,normal activity,0,15,7,normal,11.69921875,5,9,0.299987793,0,3407
496,3,1.0 mg estrogen,51,alive,76,114,normal activity,1,30,18,heart strain,11.599609375,6,9,0.5,0,3440
497,3,5.0 mg estrogen,51,alive,68,98,normal activity,0,14,8,normal,13.3984375,6,9,0.6999511719,0,3440
498,4,0.2 mg estrogen,14,dead - prostatic ca,64,100,in bed less than half daytime,0,14,7,normal,14,23,11,0.5999755859,0,3395
499,4,0.2 mg estrogen,27,dead - prostatic ca,75,102,normal activity,0,16,8,normal,14.19921875,5,11,29.59765625,0,3430
500,4,1.0 mg estrogen,51,alive,60,123,normal activity,1,14,10,heart strain,14.5,6,8,0.5,1,3429
501,4,5.0 mg estrogen,5,dead - heart or vascular,73,100,normal activity,1,19,10,normal,16.796875,2,11,2.8999023438,0,3433
502,3,1.0 mg estrogen,0,dead - other ca,78,108,normal activity,0,11,6,normal,15.798828125,9,13,0.5999755859,0,3297
503,3,0.2 mg estrogen,41,dead - unspecified non-ca,78,127,normal activity,1,16,10,heart strain,15.798828125,5,9,0.5,0,3349
504,3,1.0 mg estrogen,53,alive,77,93,normal activity,0,17,10,heart block or conduction def,16,11,9,0.7999267578,0,3357
505,4,5.0 mg estrogen,19,dead - prostatic ca,82,96,normal activity,1,12,6,heart strain,12.3984375,32,13,8.3984375,0,3311
506,4,1.0 mg estrogen,4,dead - prostatic ca,74,97,in bed less than half daytime,0,15,6,normal,21.19921875,33,,22.19921875,1,3428
